Currency,Date,Closing Price (USD),% Change,,,,Date,Cum Cases,Cum Deaths,%Change Cases,%Change Deaths,,,,,,,
XRP,12/01/2020,0.21374422,0%,,,,12/01/2020,0,0,0%,0%,,,,,,,
XRP,13/01/2020,0.211431249,-1%,,,,13/01/2020,1,0,0%,0%,,,,,,,
XRP,14/01/2020,0.234580269,11%,,,,14/01/2020,1,0,0%,0%,,,,,,,
XRP,15/01/2020,0.236574593,1%,,,,15/01/2020,2,1,100%,0%,,,,,,,
XRP,16/01/2020,0.228665943,-3%,,,,16/01/2020,2,1,0%,0%,,,,,,,
XRP,17/01/2020,0.240660808,5%,,,,17/01/2020,7,1,250%,0%,,,,,,,
XRP,18/01/2020,0.246585893,2%,,,,18/01/2020,24,1,243%,0%,,,,,,,
XRP,19/01/2020,0.233704306,-5%,,,,19/01/2020,160,2,567%,100%,,,,,,,
XRP,20/01/2020,0.233648671,0%,,,,20/01/2020,180,2,13%,0%,,,,,,,
XRP,21/01/2020,0.237796296,2%,,,,21/01/2020,333,5,85%,150%,,,,,,,
XRP,22/01/2020,0.235352441,-1%,,,,22/01/2020,475,16,43%,220%,,,,,,,
XRP,23/01/2020,0.22599015,-4%,,,,23/01/2020,572,16,20%,0%,,,,,,,
XRP,24/01/2020,0.221922965,-2%,,,,24/01/2020,838,25,47%,56%,,,,,,,
XRP,25/01/2020,0.220057247,-1%,,,,25/01/2020,1291,40,54%,60%,,,,,,,
XRP,26/01/2020,0.227436049,3%,,,,26/01/2020,1964,55,52%,38%,,,,,,,
XRP,27/01/2020,0.230406614,1%,,,,27/01/2020,2761,80,41%,45%,,,,,,,
XRP,28/01/2020,0.236901353,3%,,,,28/01/2020,4528,105,64%,31%,,,,,,,
XRP,29/01/2020,0.23683318,0%,,,,29/01/2020,6008,131,33%,25%,,,,,,,
XRP,30/01/2020,0.24571577,4%,,,,30/01/2020,7764,169,29%,29%,,,,,,,
XRP,31/01/2020,0.239005369,-3%,,,,31/01/2020,9767,212,26%,25%,,,,,,,
XRP,01/02/2020,0.241344712,1%,,,,01/02/2020,11887,258,22%,22%,,,,,,,
XRP,02/02/2020,0.252279635,5%,,,,02/02/2020,14495,304,22%,18%,,,,,,,
XRP,03/02/2020,0.25160931,0%,,,,03/02/2020,17313,361,19%,19%,,,,,,,
XRP,04/02/2020,0.264268855,5%,,,,04/02/2020,20556,426,19%,18%,,,,,,,
XRP,05/02/2020,0.278656371,5%,,,,05/02/2020,24463,492,19%,15%,,,,,,,
XRP,06/02/2020,0.280600623,1%,,,,06/02/2020,28214,564,15%,15%,,,,,,,
XRP,07/02/2020,0.278314987,-1%,,,,07/02/2020,31432,637,11%,13%,,,,,,,
XRP,08/02/2020,0.278179043,0%,,,,08/02/2020,34874,723,11%,14%,,,,,,,
XRP,09/02/2020,0.2837412,2%,,,,09/02/2020,37493,812,8%,12%,,,,,,,
XRP,10/02/2020,0.272721402,-4%,,,,10/02/2020,40481,909,8%,12%,,,,,,,
XRP,11/02/2020,0.281014198,3%,,,,11/02/2020,43046,1017,6%,12%,,,,,,,
XRP,12/02/2020,0.306843618,9%,,,,12/02/2020,45118,1114,5%,10%,,,,,,,
XRP,13/02/2020,0.327067547,7%,,,,13/02/2020,60269,1369,34%,23%,,,,,,,
XRP,14/02/2020,0.336337403,3%,,,,14/02/2020,64484,1382,7%,1%,,,,,,,
XRP,15/02/2020,0.311656692,-7%,,,,15/02/2020,67044,1526,4%,10%,,,,,,,
XRP,16/02/2020,0.29058452,-7%,,,,16/02/2020,69206,1668,3%,9%,,,,,,,
XRP,17/02/2020,0.283091948,-3%,,,,17/02/2020,71273,1774,3%,6%,,,,,,,
XRP,18/02/2020,0.298892831,6%,,,,18/02/2020,73268,1872,3%,6%,,,,,,,
XRP,19/02/2020,0.282319219,-6%,,,,19/02/2020,75132,2011,3%,7%,,,,,,,
XRP,20/02/2020,0.273695279,-3%,,,,20/02/2020,75664,2127,1%,6%,,,,,,,
XRP,21/02/2020,0.272574609,0%,,,,21/02/2020,76660,2246,1%,6%,,,,,,,
XRP,22/02/2020,0.275199091,1%,,,,22/02/2020,77745,2358,1%,5%,,,,,,,
XRP,23/02/2020,0.281979918,2%,,,,23/02/2020,78753,2462,1%,4%,,,,,,,
XRP,24/02/2020,0.268782521,-5%,,,,24/02/2020,79280,2618,1%,6%,,,,,,,
XRP,25/02/2020,0.256877303,-4%,,,,25/02/2020,80073,2697,1%,3%,,,,,,,
XRP,26/02/2020,0.232575954,-9%,,,,26/02/2020,80936,2761,1%,2%,,,,,,,
XRP,27/02/2020,0.23984748,3%,,,,27/02/2020,82042,2799,1%,1%,,,,,,,
XRP,28/02/2020,0.239175075,0%,,,,28/02/2020,83306,2856,2%,2%,,,,,,,
XRP,29/02/2020,0.23413805,-2%,,,,29/02/2020,85144,2920,2%,2%,,,,,,,
XRP,01/03/2020,0.227947656,-3%,,,,01/03/2020,86965,2978,2%,2%,,,,,,,
XRP,02/03/2020,0.238781622,5%,,,,02/03/2020,89009,3045,2%,2%,,,,,,,
XRP,03/03/2020,0.234584414,-2%,,,,03/03/2020,90806,3117,2%,2%,,,,,,,
XRP,04/03/2020,0.234671027,0%,,,,04/03/2020,93018,3201,2%,3%,,,,,,,
XRP,05/03/2020,0.23868927,2%,,,,05/03/2020,95257,3281,2%,2%,,,,,,,
XRP,06/03/2020,0.243325727,2%,,,,06/03/2020,98113,3384,3%,3%,,,,,,,
XRP,07/03/2020,0.238155292,-2%,,,,07/03/2020,102074,3487,4%,3%,,,,,,,
XRP,08/03/2020,0.206423567,-13%,,,,08/03/2020,105765,3584,4%,3%,,,,,,,
XRP,09/03/2020,0.207259747,0%,,,,09/03/2020,109636,3813,4%,6%,,,,,,,
XRP,10/03/2020,0.213547538,3%,,,,10/03/2020,114173,4022,4%,5%,,,,,,,
XRP,11/03/2020,0.20826912,-2%,,,,11/03/2020,118551,4291,4%,7%,,,,,,,
XRP,12/03/2020,0.155989148,-25%,,,,12/03/2020,125438,4617,6%,8%,,,,,,,
XRP,13/03/2020,0.160505848,3%,,,,13/03/2020,133793,4968,7%,8%,,,,,,,
XRP,14/03/2020,0.148255891,-8%,,,,14/03/2020,143168,5406,7%,9%,,,,,,,
XRP,15/03/2020,0.152920871,3%,,,,15/03/2020,154715,5760,8%,7%,,,,,,,
XRP,16/03/2020,0.13861339,-9%,,,,16/03/2020,167359,6505,8%,13%,,,,,,,
XRP,17/03/2020,0.149832404,8%,,,,17/03/2020,180037,7101,8%,9%,,,,,,,
XRP,18/03/2020,0.146781945,-2%,,,,18/03/2020,194777,7890,8%,11%,,,,,,,
XRP,19/03/2020,0.169540473,16%,,,,19/03/2020,213091,8841,9%,12%,,,,,,,
XRP,20/03/2020,0.155288587,-8%,,,,20/03/2020,242305,9882,14%,12%,,,,,,,
XRP,21/03/2020,0.158128314,2%,,,,21/03/2020,271047,11248,12%,14%,,,,,,,
XRP,22/03/2020,0.149395982,-6%,,,,22/03/2020,305129,12943,13%,15%,,,,,,,
XRP,23/03/2020,0.158496092,6%,,,,23/03/2020,338074,14600,11%,13%,,,,,,,
XRP,24/03/2020,0.16321485,3%,,,,24/03/2020,377859,16362,12%,12%,,,,,,,
XRP,25/03/2020,0.161909901,-1%,,,,25/03/2020,416786,18562,10%,13%,,,,,,,
XRP,26/03/2020,0.172031838,6%,,,,26/03/2020,467990,20988,12%,13%,,,,,,,
XRP,27/03/2020,0.184037608,7%,,,,27/03/2020,527708,23669,13%,13%,,,,,,,
XRP,28/03/2020,0.175931993,-4%,,,,28/03/2020,591631,26987,12%,14%,,,,,,,
XRP,29/03/2020,0.16366549,-7%,,,,29/03/2020,656809,30448,11%,13%,,,,,,,
XRP,31/03/2020,0.173278814,6%,,,,30/03/2020,715299,33573,9%,10%,,,,,,,
XRP,01/04/2020,0.175652837,1%,,,,31/03/2020,777074,37271,9%,11%,,,,,,,
XRP,02/04/2020,0.174424416,-1%,,,,01/04/2020,851282,41888,10%,12%,,,,,,,
XRP,03/04/2020,0.179906623,3%,,,,02/04/2020,928431,46883,9%,12%,,,,,,,
XRP,04/04/2020,0.180994132,1%,,,,03/04/2020,1005878,51571,8%,10%,,,,,,,
XRP,06/04/2020,0.195320619,8%,,,,04/04/2020,1087592,58157,8%,13%,,,,,,,
XRP,07/04/2020,0.193582911,-1%,,,,05/04/2020,1174305,64272,8%,11%,,,,,,,
XRP,08/04/2020,0.201958849,4%,,,,06/04/2020,1245537,68927,6%,7%,,,,,,,
XRP,10/04/2020,0.188334107,-7%,,,,07/04/2020,1316927,74064,6%,7%,,,,,,,
XRP,12/04/2020,0.187764232,0%,,,,08/04/2020,1391829,81476,6%,10%,,,,,,,
BCH,12/01/2020,265.7800701,0,,,,09/04/2020,1476759,87815,6%,8%,,,,,,,
BCH,13/01/2020,266.9184477,0%,,,,10/04/2020,1563798,95038,6%,8%,,,,,,,
BCH,14/01/2020,338.5124351,27%,,,,11/04/2020,1653145,102087,6%,7%,,,,,,,
BCH,15/01/2020,341.8692082,1%,,,,,,,,,,,,,,,
BCH,16/01/2020,327.6744373,-4%,,,,,,,,,,,,,,,
BCH,17/01/2020,376.0736281,15%,,,,,,,,,,,,,,,
BCH,18/01/2020,353.183765,-6%,,,,,,,,,,,,,,,
BCH,19/01/2020,333.8194175,-5%,,,,,,,,,,,,,,,
BCH,20/01/2020,345.9999573,4%,,,,,,,,,,,,,,,
BCH,21/01/2020,341.843648,-1%,,,,,,,,,,,,,,,
BCH,22/01/2020,342.9071006,0%,,,,,,,,,,,,,,,
BCH,23/01/2020,323.0893443,-6%,,,,,,,,,,,,,,,
BCH,24/01/2020,320.0107236,-1%,,,,,,,,,,,,,,,
BCH,25/01/2020,311.8642853,-3%,,,,,,,,,,,,,,,
BCH,26/01/2020,343.2150561,10%,,,,,,,,,,,,,,,
BCH,27/01/2020,358.5376019,4%,,,,,,,,,,,,,,,
BCH,28/01/2020,370.4853995,3%,,,,,,,,,,,,,,,
BCH,29/01/2020,384.0788965,4%,,,,,,,,,,,,,,,
BCH,30/01/2020,394.6941083,3%,,,,,,,,,,,,,,,
BCH,31/01/2020,380.0049005,-4%,,,,,,,,,,,,,,,
BCH,01/02/2020,378.6253118,0%,,,,,,,,,,,,,,,
BCH,02/02/2020,379.815365,0%,,,,,,,,,,,,,,,
BCH,03/02/2020,382.097251,1%,,,,,,,,,,,,,,,
BCH,04/02/2020,380.3266846,0%,,,,,,,,,,,,,,,
BCH,05/02/2020,433.7485139,14%,,,,,,,,,,,,,,,
BCH,06/02/2020,438.2399285,1%,,,,,,,,,,,,,,,
BCH,07/02/2020,439.4342969,0%,,,,,,,,,,,,,,,
BCH,08/02/2020,447.8730192,2%,,,,,,,,,,,,,,,
BCH,09/02/2020,448.0511053,0%,,,,,,,,,,,,,,,
BCH,10/02/2020,451.9993838,1%,,,,,,,,,,,,,,,
BCH,11/02/2020,463.6253179,3%,,,,,,,,,,,,,,,
BCH,12/02/2020,476.4835421,3%,,,,,,,,,,,,,,,
BCH,13/02/2020,469.479974,-1%,,,,,,,,,,,,,,,
BCH,14/02/2020,492.9289205,5%,,,,,,,,,,,,,,,
BCH,15/02/2020,442.157088,-10%,,,,,,,,,,,,,,,
BCH,16/02/2020,410.0091684,-7%,,,,,,,,,,,,,,,
BCH,17/02/2020,403.2494559,-2%,,,,,,,,,,,,,,,
BCH,18/02/2020,420.8638493,4%,,,,,,,,,,,,,,,
BCH,19/02/2020,387.9120433,-8%,,,,,,,,,,,,,,,
BCH,20/02/2020,372.1342606,-4%,,,,,,,,,,,,,,,
BCH,21/02/2020,377.393925,1%,,,,,,,,,,,,,,,
BCH,22/02/2020,374.3376042,-1%,,,,,,,,,,,,,,,
BCH,23/02/2020,396.9265062,6%,,,,,,,,,,,,,,,
BCH,24/02/2020,374.9562379,-6%,,,,,,,,,,,,,,,
BCH,25/02/2020,357.4382247,-5%,,,,,,,,,,,,,,,
BCH,26/02/2020,319.5466643,-11%,,,,,,,,,,,,,,,
BCH,27/02/2020,323.9623458,1%,,,,,,,,,,,,,,,
BCH,28/02/2020,317.4296129,-2%,,,,,,,,,,,,,,,
BCH,29/02/2020,312.5909627,-2%,,,,,,,,,,,,,,,
BCH,01/03/2020,312.2193973,0%,,,,,,,,,,,,,,,
BCH,02/03/2020,335.5425536,7%,,,,,,,,,,,,,,,
BCH,03/03/2020,331.105466,-1%,,,,,,,,,,,,,,,
BCH,04/03/2020,319.3020762,-4%,,,,,,,,,,,,,,,
BCH,05/03/2020,334.1643307,5%,,,,,,,,,,,,,,,
BCH,06/03/2020,348.8888096,4%,,,,,,,,,,,,,,,
BCH,07/03/2020,334.4803892,-4%,,,,,,,,,,,,,,,
BCH,08/03/2020,276.2474196,-17%,,,,,,,,,,,,,,,
BCH,09/03/2020,271.1738945,-2%,,,,,,,,,,,,,,,
BCH,10/03/2020,274.4540769,1%,,,,,,,,,,,,,,,
BCH,11/03/2020,269.2258651,-2%,,,,,,,,,,,,,,,
BCH,12/03/2020,175.3120782,-35%,,,,,,,,,,,,,,,
BCH,13/03/2020,181.6030158,4%,,,,,,,,,,,,,,,
BCH,14/03/2020,168.7579759,-7%,,,,,,,,,,,,,,,
BCH,15/03/2020,180.3534902,7%,,,,,,,,,,,,,,,
BCH,16/03/2020,165.2054081,-8%,,,,,,,,,,,,,,,
BCH,17/03/2020,185.6262031,12%,,,,,,,,,,,,,,,
BCH,18/03/2020,180.9151912,-3%,,,,,,,,,,,,,,,
BCH,19/03/2020,228.2209143,26%,,,,,,,,,,,,,,,
BCH,20/03/2020,212.6968579,-7%,,,,,,,,,,,,,,,
BCH,21/03/2020,219.9716537,3%,,,,,,,,,,,,,,,
BCH,22/03/2020,204.5709249,-7%,,,,,,,,,,,,,,,
BCH,23/03/2020,220.0499344,8%,,,,,,,,,,,,,,,
BCH,24/03/2020,228.6823537,4%,,,,,,,,,,,,,,,
BCH,25/03/2020,221.1036537,-3%,,,,,,,,,,,,,,,
BCH,26/03/2020,225.4802182,2%,,,,,,,,,,,,,,,
BCH,27/03/2020,225.5493688,0%,,,,,,,,,,,,,,,
BCH,28/03/2020,213.6477949,-5%,,,,,,,,,,,,,,,
BCH,29/03/2020,207.2102058,-3%,,,,,,,,,,,,,,,
BCH,31/03/2020,222.4052915,7%,,,,,,,,,,,,,,,
BCH,01/04/2020,220.3188227,-1%,,,,,,,,,,,,,,,
BCH,02/04/2020,222.2725032,1%,,,,,,,,,,,,,,,
BCH,03/04/2020,236.2226616,6%,,,,,,,,,,,,,,,
BCH,04/04/2020,237.9423416,1%,,,,,,,,,,,,,,,
BCH,06/04/2020,253.1435385,6%,,,,,,,,,,,,,,,
BCH,07/04/2020,251.5909805,-1%,,,,,,,,,,,,,,,
BCH,08/04/2020,269.2600643,7%,,,,,,,,,,,,,,,
BCH,10/04/2020,232.8838169,-14%,,,,,,,,,,,,,,,
BCH,12/04/2020,231.566289,-1%,,,,,,,,,,,,,,,
BTC,12/01/2020,8149.313717,0,,,,,,,,,,,,,,,
BTC,13/01/2020,8116.961008,0%,,,,,,,,,,,,,,,
BTC,14/01/2020,8735.142439,8%,,,,,,,,,,,,,,,
BTC,15/01/2020,8843.675732,1%,,,,,,,,,,,,,,,
BTC,16/01/2020,8711.637578,-1%,,,,,,,,,,,,,,,
BTC,17/01/2020,8925.299028,2%,,,,,,,,,,,,,,,
BTC,18/01/2020,8939.8643,0%,,,,,,,,,,,,,,,
BTC,19/01/2020,8638.18144,-3%,,,,,,,,,,,,,,,
BTC,20/01/2020,8652.683763,0%,,,,,,,,,,,,,,,
BTC,21/01/2020,8708.786013,1%,,,,,,,,,,,,,,,
BTC,22/01/2020,8635.074357,-1%,,,,,,,,,,,,,,,
BTC,23/01/2020,8384.088777,-3%,,,,,,,,,,,,,,,
BTC,24/01/2020,8451.232296,1%,,,,,,,,,,,,,,,
BTC,25/01/2020,8347.567505,-1%,,,,,,,,,,,,,,,
BTC,26/01/2020,8562.30747,3%,,,,,,,,,,,,,,,
BTC,27/01/2020,8881.962391,4%,,,,,,,,,,,,,,,
BTC,28/01/2020,9131.114988,3%,,,,,,,,,,,,,,,
BTC,29/01/2020,9320.978406,2%,,,,,,,,,,,,,,,
BTC,30/01/2020,9545.077957,2%,,,,,,,,,,,,,,,
BTC,31/01/2020,9388.880752,-2%,,,,,,,,,,,,,,,
BTC,01/02/2020,9363.193383,0%,,,,,,,,,,,,,,,
BTC,02/02/2020,9385.260386,0%,,,,,,,,,,,,,,,
BTC,03/02/2020,9269.707035,-1%,,,,,,,,,,,,,,,
BTC,04/02/2020,9177.894637,-1%,,,,,,,,,,,,,,,
BTC,05/02/2020,9625.456637,5%,,,,,,,,,,,,,,,
BTC,06/02/2020,9681.377411,1%,,,,,,,,,,,,,,,
BTC,07/02/2020,9795.344066,1%,,,,,,,,,,,,,,,
BTC,08/02/2020,9927.778256,1%,,,,,,,,,,,,,,,
BTC,09/02/2020,10132.7065,2%,,,,,,,,,,,,,,,
BTC,10/02/2020,9838.900016,-3%,,,,,,,,,,,,,,,
BTC,11/02/2020,10236.63515,4%,,,,,,,,,,,,,,,
BTC,12/02/2020,10364.92629,1%,,,,,,,,,,,,,,,
BTC,13/02/2020,10218.09974,-1%,,,,,,,,,,,,,,,
BTC,14/02/2020,10367.528,1%,,,,,,,,,,,,,,,
BTC,15/02/2020,9926.353691,-4%,,,,,,,,,,,,,,,
BTC,16/02/2020,9876.234963,-1%,,,,,,,,,,,,,,,
BTC,17/02/2020,9636.624095,-2%,,,,,,,,,,,,,,,
BTC,18/02/2020,10189.99598,6%,,,,,,,,,,,,,,,
BTC,19/02/2020,9701.037191,-5%,,,,,,,,,,,,,,,
BTC,20/02/2020,9631.484946,-1%,,,,,,,,,,,,,,,
BTC,21/02/2020,9670.858654,0%,,,,,,,,,,,,,,,
BTC,22/02/2020,9689.086743,0%,,,,,,,,,,,,,,,
BTC,23/02/2020,9919.551448,2%,,,,,,,,,,,,,,,
BTC,24/02/2020,9640.469505,-3%,,,,,,,,,,,,,,,
BTC,25/02/2020,9392.869629,-3%,,,,,,,,,,,,,,,
BTC,26/02/2020,8787.978363,-6%,,,,,,,,,,,,,,,
BTC,27/02/2020,8784.995352,0%,,,,,,,,,,,,,,,
BTC,28/02/2020,8778.470511,0%,,,,,,,,,,,,,,,
BTC,29/02/2020,8639.591417,-2%,,,,,,,,,,,,,,,
BTC,01/03/2020,8548.948322,-1%,,,,,,,,,,,,,,,
BTC,02/03/2020,8923.044398,4%,,,,,,,,,,,,,,,
BTC,03/03/2020,8791.112058,-1%,,,,,,,,,,,,,,,
BTC,04/03/2020,8756.961062,0%,,,,,,,,,,,,,,,
BTC,05/03/2020,9078.578777,4%,,,,,,,,,,,,,,,
BTC,06/03/2020,9126.636822,1%,,,,,,,,,,,,,,,
BTC,07/03/2020,8925.213488,-2%,,,,,,,,,,,,,,,
BTC,08/03/2020,8166.313894,-9%,,,,,,,,,,,,,,,
BTC,09/03/2020,7875.750875,-4%,,,,,,,,,,,,,,,
BTC,10/03/2020,7959.228274,1%,,,,,,,,,,,,,,,
BTC,11/03/2020,7955.306284,0%,,,,,,,,,,,,,,,
BTC,12/03/2020,5800.208905,-27%,,,,,,,,,,,,,,,
BTC,13/03/2020,5672.681201,-2%,,,,,,,,,,,,,,,
BTC,14/03/2020,5304.149952,-6%,,,,,,,,,,,,,,,
BTC,15/03/2020,5355.187374,1%,,,,,,,,,,,,,,,
BTC,16/03/2020,4944.702336,-8%,,,,,,,,,,,,,,,
BTC,17/03/2020,5465.582594,11%,,,,,,,,,,,,,,,
BTC,18/03/2020,5363.822853,-2%,,,,,,,,,,,,,,,
BTC,19/03/2020,6301.063404,17%,,,,,,,,,,,,,,,
BTC,20/03/2020,6185.279839,-2%,,,,,,,,,,,,,,,
BTC,21/03/2020,6187.05375,0%,,,,,,,,,,,,,,,
BTC,22/03/2020,5884.340133,-5%,,,,,,,,,,,,,,,
BTC,23/03/2020,6455.454688,10%,,,,,,,,,,,,,,,
BTC,24/03/2020,6784.318011,5%,,,,,,,,,,,,,,,
BTC,25/03/2020,6706.985089,-1%,,,,,,,,,,,,,,,
BTC,26/03/2020,6721.495392,0%,,,,,,,,,,,,,,,
BTC,27/03/2020,6682.780049,-1%,,,,,,,,,,,,,,,
BTC,28/03/2020,6229.488343,-7%,,,,,,,,,,,,,,,
BTC,29/03/2020,5922.489835,-5%,,,,,,,,,,,,,,,
BTC,31/03/2020,6483.739446,9%,,,,,,,,,,,,,,,
BTC,01/04/2020,6537.336462,1%,,,,,,,,,,,,,,,
BTC,02/04/2020,6850.558712,5%,,,,,,,,,,,,,,,
BTC,03/04/2020,6776.370094,-1%,,,,,,,,,,,,,,,
BTC,04/04/2020,6855.933264,1%,,,,,,,,,,,,,,,
BTC,05/04/2020,6805.362287,-1%,,,,,,,,,,,,,,,
BTC,06/04/2020,7278.24397,7%,,,,,,,,,,,,,,,
BTC,07/04/2020,7175.667477,-1%,,,,,,,,,,,,,,,
BTC,08/04/2020,7367.293398,3%,,,,,,,,,,,,,,,
BTC,10/04/2020,6866.398189,-7%,,,,,,,,,,,,,,,
BTC,12/04/2020,6873.848495,0%,,,,,,,,,,,,,,,
BSV,12/01/2020,161.7685202,0,,,,,,,,,,,,,,,
BSV,13/01/2020,171.7199094,6%,,,,,,,,,,,,,,,
BSV,14/01/2020,379.0200293,121%,,,,,,,,,,,,,,,
BSV,15/01/2020,323.7429323,-15%,,,,,,,,,,,,,,,
BSV,16/01/2020,318.1900301,-2%,,,,,,,,,,,,,,,
BSV,17/01/2020,291.2356111,-8%,,,,,,,,,,,,,,,
BSV,18/01/2020,253.6290361,-13%,,,,,,,,,,,,,,,
BSV,19/01/2020,265.6366909,5%,,,,,,,,,,,,,,,
BSV,20/01/2020,314.0675388,18%,,,,,,,,,,,,,,,
BSV,21/01/2020,316.2135436,1%,,,,,,,,,,,,,,,
BSV,22/01/2020,302.6517547,-4%,,,,,,,,,,,,,,,
BSV,23/01/2020,257.9805537,-15%,,,,,,,,,,,,,,,
BSV,24/01/2020,265.5880799,3%,,,,,,,,,,,,,,,
BSV,25/01/2020,259.1655714,-2%,,,,,,,,,,,,,,,
BSV,26/01/2020,273.5022733,6%,,,,,,,,,,,,,,,
BSV,27/01/2020,295.0946488,8%,,,,,,,,,,,,,,,
BSV,28/01/2020,291.5764303,-1%,,,,,,,,,,,,,,,
BSV,29/01/2020,294.9777459,1%,,,,,,,,,,,,,,,
BSV,30/01/2020,299.2513102,1%,,,,,,,,,,,,,,,
BSV,31/01/2020,277.1898543,-7%,,,,,,,,,,,,,,,
BSV,01/02/2020,280.7176926,1%,,,,,,,,,,,,,,,
BSV,02/02/2020,280.9883391,0%,,,,,,,,,,,,,,,
BSV,03/02/2020,277.8996065,-1%,,,,,,,,,,,,,,,
BSV,04/02/2020,271.1528733,-2%,,,,,,,,,,,,,,,
BSV,05/02/2020,293.8885606,8%,,,,,,,,,,,,,,,
BSV,06/02/2020,291.6671176,-1%,,,,,,,,,,,,,,,
BSV,07/02/2020,293.4614224,1%,,,,,,,,,,,,,,,
BSV,08/02/2020,337.4551467,15%,,,,,,,,,,,,,,,
BSV,09/02/2020,348.0968516,3%,,,,,,,,,,,,,,,
BSV,10/02/2020,354.2324358,2%,,,,,,,,,,,,,,,
BSV,11/02/2020,368.0877834,4%,,,,,,,,,,,,,,,
BSV,12/02/2020,368.7609829,0%,,,,,,,,,,,,,,,
BSV,13/02/2020,358.7030776,-3%,,,,,,,,,,,,,,,
BSV,14/02/2020,362.0550702,1%,,,,,,,,,,,,,,,
BSV,15/02/2020,315.2527923,-13%,,,,,,,,,,,,,,,
BSV,16/02/2020,283.5201641,-10%,,,,,,,,,,,,,,,
BSV,17/02/2020,302.8176059,7%,,,,,,,,,,,,,,,
BSV,18/02/2020,313.5655563,4%,,,,,,,,,,,,,,,
BSV,19/02/2020,299.0402458,-5%,,,,,,,,,,,,,,,
BSV,20/02/2020,286.5682948,-4%,,,,,,,,,,,,,,,
BSV,21/02/2020,288.6296665,1%,,,,,,,,,,,,,,,
BSV,22/02/2020,280.7819516,-3%,,,,,,,,,,,,,,,
BSV,23/02/2020,293.2674143,4%,,,,,,,,,,,,,,,
BSV,24/02/2020,273.9769772,-7%,,,,,,,,,,,,,,,
BSV,25/02/2020,263.5218795,-4%,,,,,,,,,,,,,,,
BSV,26/02/2020,226.0360838,-14%,,,,,,,,,,,,,,,
BSV,27/02/2020,225.7712868,0%,,,,,,,,,,,,,,,
BSV,28/02/2020,219.3420648,-3%,,,,,,,,,,,,,,,
BSV,29/02/2020,214.8368479,-2%,,,,,,,,,,,,,,,
BSV,01/03/2020,228.6278542,6%,,,,,,,,,,,,,,,
BSV,02/03/2020,254.8546639,11%,,,,,,,,,,,,,,,
BSV,03/03/2020,249.131971,-2%,,,,,,,,,,,,,,,
BSV,04/03/2020,231.1943405,-7%,,,,,,,,,,,,,,,
BSV,05/03/2020,241.3602515,4%,,,,,,,,,,,,,,,
BSV,06/03/2020,245.6669081,2%,,,,,,,,,,,,,,,
BSV,07/03/2020,236.4746363,-4%,,,,,,,,,,,,,,,
BSV,08/03/2020,198.1823448,-16%,,,,,,,,,,,,,,,
BSV,09/03/2020,198.0939553,0%,,,,,,,,,,,,,,,
BSV,10/03/2020,199.7637694,1%,,,,,,,,,,,,,,,
BSV,11/03/2020,194.121441,-3%,,,,,,,,,,,,,,,
BSV,12/03/2020,122.265387,-37%,,,,,,,,,,,,,,,
BSV,13/03/2020,123.4719993,1%,,,,,,,,,,,,,,,
BSV,14/03/2020,116.9574972,-5%,,,,,,,,,,,,,,,
BSV,15/03/2020,122.3746948,5%,,,,,,,,,,,,,,,
BSV,16/03/2020,110.4393596,-10%,,,,,,,,,,,,,,,
BSV,17/03/2020,123.1419945,12%,,,,,,,,,,,,,,,
BSV,18/03/2020,117.2620035,-5%,,,,,,,,,,,,,,,
BSV,19/03/2020,162.0630213,38%,,,,,,,,,,,,,,,
BSV,20/03/2020,157.0507792,-3%,,,,,,,,,,,,,,,
BSV,21/03/2020,168.8116272,7%,,,,,,,,,,,,,,,
BSV,22/03/2020,160.1365225,-5%,,,,,,,,,,,,,,,
BSV,23/03/2020,166.39233,4%,,,,,,,,,,,,,,,
BSV,24/03/2020,178.4597215,7%,,,,,,,,,,,,,,,
BSV,25/03/2020,173.132697,-3%,,,,,,,,,,,,,,,
BSV,26/03/2020,171.4141218,-1%,,,,,,,,,,,,,,,
BSV,27/03/2020,171.6237973,0%,,,,,,,,,,,,,,,
BSV,28/03/2020,156.4933846,-9%,,,,,,,,,,,,,,,
BSV,30/03/2020,149.0853623,-5%,,,,,,,,,,,,,,,
BSV,31/03/2020,167.4637761,12%,,,,,,,,,,,,,,,
BSV,01/04/2020,166.1470609,-1%,,,,,,,,,,,,,,,
BSV,02/04/2020,166.8292266,0%,,,,,,,,,,,,,,,
BSV,03/04/2020,178.9934215,7%,,,,,,,,,,,,,,,
BSV,04/04/2020,179.4699173,0%,,,,,,,,,,,,,,,
BSV,05/04/2020,179.6446612,0%,,,,,,,,,,,,,,,
BSV,06/04/2020,174.049408,-3%,,,,,,,,,,,,,,,
BSV,07/04/2020,192.2521721,10%,,,,,,,,,,,,,,,
BSV,08/04/2020,185.7992141,-3%,,,,,,,,,,,,,,,
BSV,09/04/2020,219.3592047,18%,,,,,,,,,,,,,,,
BSV,10/04/2020,216.1235978,-1%,,,,,,,,,,,,,,,
BSV,11/04/2020,184.9942783,-14%,,,,,,,,,,,,,,,
BSV,12/04/2020,187.5939415,1%,,,,,,,,,,,,,,,
ETH,12/01/2020,145.2809937,0,,,,,,,,,,,,,,,
ETH,13/01/2020,143.936917,-1%,,,,,,,,,,,,,,,
ETH,14/01/2020,163.8546315,14%,,,,,,,,,,,,,,,
ETH,15/01/2020,166.5383399,2%,,,,,,,,,,,,,,,
ETH,16/01/2020,163.9372081,-2%,,,,,,,,,,,,,,,
ETH,17/01/2020,171.5889768,5%,,,,,,,,,,,,,,,
ETH,18/01/2020,176.700434,3%,,,,,,,,,,,,,,,
ETH,19/01/2020,166.0633101,-6%,,,,,,,,,,,,,,,
ETH,20/01/2020,167.5725368,1%,,,,,,,,,,,,,,,
ETH,21/01/2020,169.0544916,1%,,,,,,,,,,,,,,,
ETH,22/01/2020,167.1518345,-1%,,,,,,,,,,,,,,,
ETH,23/01/2020,162.6714167,-3%,,,,,,,,,,,,,,,
ETH,24/01/2020,162.8065224,0%,,,,,,,,,,,,,,,
ETH,25/01/2020,160.9178681,-1%,,,,,,,,,,,,,,,
ETH,26/01/2020,166.7218659,4%,,,,,,,,,,,,,,,
ETH,27/01/2020,169.8001126,2%,,,,,,,,,,,,,,,
ETH,28/01/2020,173.5481484,2%,,,,,,,,,,,,,,,
ETH,29/01/2020,175.4603221,1%,,,,,,,,,,,,,,,
ETH,30/01/2020,186.2620414,6%,,,,,,,,,,,,,,,
ETH,31/01/2020,181.7284342,-2%,,,,,,,,,,,,,,,
ETH,01/02/2020,182.7739889,1%,,,,,,,,,,,,,,,
ETH,02/02/2020,189.3125531,4%,,,,,,,,,,,,,,,
ETH,03/02/2020,189.2575929,0%,,,,,,,,,,,,,,,
ETH,04/02/2020,188.6750822,0%,,,,,,,,,,,,,,,
ETH,05/02/2020,204.5305348,8%,,,,,,,,,,,,,,,
ETH,06/02/2020,211.2924866,3%,,,,,,,,,,,,,,,
ETH,07/02/2020,221.8331394,5%,,,,,,,,,,,,,,,
ETH,08/02/2020,224.0294272,1%,,,,,,,,,,,,,,,
ETH,09/02/2020,228.044309,2%,,,,,,,,,,,,,,,
ETH,10/02/2020,223.3196378,-2%,,,,,,,,,,,,,,,
ETH,11/02/2020,237.8783455,7%,,,,,,,,,,,,,,,
ETH,12/02/2020,268.3962677,13%,,,,,,,,,,,,,,,
ETH,13/02/2020,266.2518149,-1%,,,,,,,,,,,,,,,
ETH,14/02/2020,284.0004909,7%,,,,,,,,,,,,,,,
ETH,15/02/2020,267.3531863,-6%,,,,,,,,,,,,,,,
ETH,16/02/2020,255.3551842,-4%,,,,,,,,,,,,,,,
ETH,17/02/2020,261.1372307,2%,,,,,,,,,,,,,,,
ETH,18/02/2020,281.3812072,8%,,,,,,,,,,,,,,,
ETH,19/02/2020,265.1448245,-6%,,,,,,,,,,,,,,,
ETH,20/02/2020,259.7141345,-2%,,,,,,,,,,,,,,,
ETH,21/02/2020,263.949385,2%,,,,,,,,,,,,,,,
ETH,22/02/2020,262.5732338,-1%,,,,,,,,,,,,,,,
ETH,23/02/2020,272.8428067,4%,,,,,,,,,,,,,,,
ETH,24/02/2020,263.8974852,-3%,,,,,,,,,,,,,,,
ETH,25/02/2020,251.9396762,-5%,,,,,,,,,,,,,,,
ETH,26/02/2020,225.6910701,-10%,,,,,,,,,,,,,,,
ETH,27/02/2020,228.5854083,1%,,,,,,,,,,,,,,,
ETH,28/02/2020,229.7854128,1%,,,,,,,,,,,,,,,
ETH,29/02/2020,223.499288,-3%,,,,,,,,,,,,,,,
ETH,01/03/2020,218.777736,-2%,,,,,,,,,,,,,,,
ETH,02/03/2020,230.812952,6%,,,,,,,,,,,,,,,
ETH,03/03/2020,224.6566351,-3%,,,,,,,,,,,,,,,
ETH,04/03/2020,223.5277347,-1%,,,,,,,,,,,,,,,
ETH,05/03/2020,229.4143467,3%,,,,,,,,,,,,,,,
ETH,06/03/2020,240.4900817,5%,,,,,,,,,,,,,,,
ETH,07/03/2020,240.5548524,0%,,,,,,,,,,,,,,,
ETH,08/03/2020,204.4108196,-15%,,,,,,,,,,,,,,,
ETH,09/03/2020,198.9773509,-3%,,,,,,,,,,,,,,,
ETH,10/03/2020,203.1258772,2%,,,,,,,,,,,,,,,
ETH,11/03/2020,194.427784,-4%,,,,,,,,,,,,,,,
ETH,12/03/2020,127.2928962,-35%,,,,,,,,,,,,,,,
ETH,13/03/2020,134.8210288,6%,,,,,,,,,,,,,,,
ETH,14/03/2020,124.9746147,-7%,,,,,,,,,,,,,,,
ETH,15/03/2020,123.7851093,-1%,,,,,,,,,,,,,,,
ETH,16/03/2020,107.8983448,-13%,,,,,,,,,,,,,,,
ETH,17/03/2020,118.3424036,10%,,,,,,,,,,,,,,,
ETH,18/03/2020,116.6065978,-1%,,,,,,,,,,,,,,,
ETH,19/03/2020,140.8145457,21%,,,,,,,,,,,,,,,
ETH,20/03/2020,131.753158,-6%,,,,,,,,,,,,,,,
ETH,21/03/2020,133.0816861,1%,,,,,,,,,,,,,,,
ETH,22/03/2020,123.2739472,-7%,,,,,,,,,,,,,,,
ETH,23/03/2020,133.5701414,8%,,,,,,,,,,,,,,,
ETH,24/03/2020,140.1136999,5%,,,,,,,,,,,,,,,
ETH,25/03/2020,136.2496619,-3%,,,,,,,,,,,,,,,
ETH,26/03/2020,136.6194963,0%,,,,,,,,,,,,,,,
ETH,27/03/2020,137.3184524,1%,,,,,,,,,,,,,,,
ETH,28/03/2020,131.2719317,-4%,,,,,,,,,,,,,,,
ETH,29/03/2020,125.7283385,-4%,,,,,,,,,,,,,,,
ETH,31/03/2020,133.7604753,6%,,,,,,,,,,,,,,,
ETH,01/04/2020,133.8929306,0%,,,,,,,,,,,,,,,
ETH,02/04/2020,133.6525611,0%,,,,,,,,,,,,,,,
ETH,03/04/2020,141.9206657,6%,,,,,,,,,,,,,,,
ETH,04/04/2020,144.1399041,2%,,,,,,,,,,,,,,,
ETH,06/04/2020,165.9462414,15%,,,,,,,,,,,,,,,
ETH,07/04/2020,166.4521496,0%,,,,,,,,,,,,,,,
ETH,08/04/2020,172.8180919,4%,,,,,,,,,,,,,,,
ETH,10/04/2020,158.3075978,-8%,,,,,,,,,,,,,,,
ETH,12/04/2020,158.010143,0%,,,,,,,,,,,,,,,
